[
    {
        "id": "a1bbb9981ab3e3ac",
        "type": "tab",
        "label": "Flow 1",
        "disabled": false,
        "info": "",
        "env": []
    },
    {
        "id": "1049bddc7b1350e0",
        "type": "tab",
        "label": "Flow 2",
        "disabled": false,
        "info": "",
        "env": []
    },
    {
        "id": "d87812f438640a4c",
        "type": "tab",
        "label": "Flow 3",
        "disabled": false,
        "info": "",
        "env": []
    },
    {
        "id": "68fe9f42efc2671a",
        "type": "tab",
        "label": "3.1",
        "disabled": false,
        "info": "",
        "env": []
    },
    {
        "id": "45bafd31b64cf85b",
        "type": "tab",
        "label": "Flow 5",
        "disabled": false,
        "info": "",
        "env": []
    },
    {
        "id": "311133b10e7d42f5",
        "type": "tab",
        "label": "Flow 6",
        "disabled": false,
        "info": "",
        "env": []
    },
    {
        "id": "66a4a5c41387c9fa",
        "type": "tab",
        "label": "Flow 7",
        "disabled": false,
        "info": "",
        "env": []
    },
    {
        "id": "e444b923c58c019c",
        "type": "tab",
        "label": "3.1",
        "disabled": false,
        "info": "",
        "env": []
    },
    {
        "id": "84dcf03be6e83bb8",
        "type": "tab",
        "label": "Flow 9",
        "disabled": false,
        "info": "",
        "env": []
    },
    {
        "id": "4265087201c2987f",
        "type": "tab",
        "label": "Flow 4",
        "disabled": false,
        "info": "",
        "env": []
    },
    {
        "id": "4cc80e327e9957fd",
        "type": "tab",
        "label": "Flow 10",
        "disabled": false,
        "info": "",
        "env": []
    },
    {
        "id": "cc7fe598eb2f5eda",
        "type": "tab",
        "label": "4.1",
        "disabled": false,
        "info": "",
        "env": []
    },
    {
        "id": "88165a53ea752b35",
        "type": "tab",
        "label": "Flow 12",
        "disabled": false,
        "info": "",
        "env": []
    },
    {
        "id": "a5950beaef417905",
        "type": "tab",
        "label": "Flow 13",
        "disabled": false,
        "info": "",
        "env": []
    },
    {
        "id": "17b9a327bf7fb1b6",
        "type": "tab",
        "label": "Flow 8",
        "disabled": false,
        "info": "",
        "env": []
    },
    {
        "id": "f7509c1f404fccfc",
        "type": "tab",
        "label": "Flow 11",
        "disabled": false,
        "info": "",
        "env": []
    },
    {
        "id": "bf124bb3ac12eb80",
        "type": "tab",
        "label": "Flow 14",
        "disabled": false,
        "info": "",
        "env": []
    },
    {
        "id": "f93628d413d27bb5",
        "type": "tab",
        "label": "Flow 15",
        "disabled": false,
        "info": "",
        "env": []
    },
    {
        "id": "8d8dfe2f58badb0f",
        "type": "tab",
        "label": "Flow 16",
        "disabled": false,
        "info": "",
        "env": []
    },
    {
        "id": "d1d221b777f466fe",
        "type": "tab",
        "label": "Flow 17",
        "disabled": false,
        "info": "",
        "env": []
    },
    {
        "id": "e116c852ac73d268",
        "type": "tab",
        "label": "Flow 18",
        "disabled": false,
        "info": "",
        "env": []
    },
    {
        "id": "53f4394dbf12c6b7",
        "type": "OpcUa-Endpoint",
        "endpoint": "opc.tcp://127.0.0.1:4335/UA/EOTServer",
        "secpol": "None",
        "secmode": "None",
        "none": true,
        "login": false,
        "usercert": false,
        "usercertificate": "",
        "userprivatekey": ""
    },
    {
        "id": "0113eb87060106be",
        "type": "ui_tab",
        "name": "OPC UA",
        "icon": "dashboard",
        "order": 7,
        "disabled": false,
        "hidden": false
    },
    {
        "id": "45033699077a4868",
        "type": "ui_group",
        "name": "MyDevice Status & Control",
        "tab": "0113eb87060106be",
        "order": 4,
        "disp": true,
        "width": "6",
        "collapse": false,
        "className": ""
    },
    {
        "id": "13811bc213603372",
        "type": "ui_base",
        "theme": {
            "name": "theme-dark",
            "lightTheme": {
                "default": "#0094CE",
                "baseColor": "#0094CE",
                "baseFont": "-apple-system,BlinkMacSystemFont,Segoe UI,Roboto,Oxygen-Sans,Ubuntu,Cantarell,Helvetica Neue,sans-serif",
                "edited": false,
                "reset": false
            },
            "darkTheme": {
                "default": "#097479",
                "baseColor": "#e11919",
                "baseFont": "-apple-system,BlinkMacSystemFont,Segoe UI,Roboto,Oxygen-Sans,Ubuntu,Cantarell,Helvetica Neue,sans-serif",
                "edited": true,
                "reset": false
            },
            "customTheme": {
                "name": "Untitled Theme 1",
                "default": "#4B7930",
                "baseColor": "#4B7930",
                "baseFont": "-apple-system,BlinkMacSystemFont,Segoe UI,Roboto,Oxygen-Sans,Ubuntu,Cantarell,Helvetica Neue,sans-serif"
            },
            "themeState": {
                "base-color": {
                    "default": "#097479",
                    "value": "#e11919",
                    "edited": true
                },
                "page-titlebar-backgroundColor": {
                    "value": "#e11919",
                    "edited": false
                },
                "page-backgroundColor": {
                    "value": "#111111",
                    "edited": false
                },
                "page-sidebar-backgroundColor": {
                    "value": "#333333",
                    "edited": false
                },
                "group-textColor": {
                    "value": "#ed5a5a",
                    "edited": false
                },
                "group-borderColor": {
                    "value": "#555555",
                    "edited": false
                },
                "group-backgroundColor": {
                    "value": "#333333",
                    "edited": false
                },
                "widget-textColor": {
                    "value": "#eeeeee",
                    "edited": false
                },
                "widget-backgroundColor": {
                    "value": "#e11919",
                    "edited": false
                },
                "widget-borderColor": {
                    "value": "#333333",
                    "edited": false
                },
                "base-font": {
                    "value": "-apple-system,BlinkMacSystemFont,Segoe UI,Roboto,Oxygen-Sans,Ubuntu,Cantarell,Helvetica Neue,sans-serif"
                }
            },
            "angularTheme": {
                "primary": "indigo",
                "accents": "blue",
                "warn": "red",
                "background": "grey",
                "palette": "light"
            }
        },
        "site": {
            "name": "Node-RED Dashboard",
            "hideToolbar": "false",
            "allowSwipe": "false",
            "lockMenu": "false",
            "allowTempTheme": "true",
            "dateFormat": "DD/MM/YYYY",
            "sizes": {
                "sx": 48,
                "sy": 48,
                "gx": 6,
                "gy": 6,
                "cx": 6,
                "cy": 6,
                "px": 0,
                "py": 0
            }
        }
    },
    {
        "id": "c18a117fc536cd16",
        "type": "OpcUa-Endpoint",
        "endpoint": "opc.tcp://127.0.0.1:4335/UA/EOTServer",
        "secpol": "None",
        "secmode": "None",
        "none": true,
        "login": false,
        "usercert": false,
        "usercertificate": "",
        "userprivatekey": ""
    },
    {
        "id": "c0a13c6945a1bd3b",
        "type": "ui_group",
        "name": "opcua",
        "tab": "f332faf4cc6b5214",
        "order": 1,
        "disp": true,
        "width": "6",
        "collapse": false,
        "className": ""
    },
    {
        "id": "f332faf4cc6b5214",
        "type": "ui_tab",
        "name": "Twin Talk Flow Integrator",
        "icon": "dashboard",
        "order": 1,
        "disabled": false,
        "hidden": false
    },
    {
        "id": "407a01e4.6b637",
        "type": "mqtt-broker",
        "name": "",
        "broker": "mqtt://broker.hivemq.com",
        "port": "1880",
        "clientid": "",
        "autoConnect": true,
        "usetls": false,
        "protocolVersion": "4",
        "keepalive": "60",
        "cleansession": true,
        "autoUnsubscribe": true,
        "birthTopic": "",
        "birthQos": "0",
        "birthPayload": "",
        "birthMsg": {},
        "closeTopic": "",
        "closePayload": "",
        "closeMsg": {},
        "willTopic": "",
        "willQos": "0",
        "willPayload": "",
        "willMsg": {},
        "userProps": "",
        "sessionExpiry": ""
    },
    {
        "id": "15f06bec15d08f0c",
        "type": "mqtt-broker",
        "name": "",
        "broker": "mqtt://broker.hivemq.com",
        "port": "1883",
        "clientid": "",
        "autoConnect": true,
        "usetls": false,
        "protocolVersion": "4",
        "keepalive": "60",
        "cleansession": true,
        "autoUnsubscribe": true,
        "birthTopic": "",
        "birthQos": "0",
        "birthRetain": "false",
        "birthPayload": "",
        "birthMsg": {},
        "closeTopic": "",
        "closeQos": "0",
        "closeRetain": "false",
        "closePayload": "",
        "closeMsg": {},
        "willTopic": "",
        "willQos": "0",
        "willRetain": "false",
        "willPayload": "",
        "willMsg": {},
        "userProps": "",
        "sessionExpiry": ""
    },
    {
        "id": "6ef20076c7355b9c",
        "type": "mqtt-broker",
        "name": "",
        "broker": "localhost",
        "port": "1883",
        "clientid": "",
        "usetls": false,
        "compatmode": true,
        "keepalive": "60",
        "cleansession": true,
        "birthTopic": "",
        "birthQos": "0",
        "birthPayload": "",
        "birthMsg": {},
        "closeTopic": "",
        "closeQos": "0",
        "closePayload": "",
        "closeMsg": {},
        "willTopic": "",
        "willQos": "0",
        "willPayload": "",
        "willMsg": {}
    },
    {
        "id": "eb21c224.4e9ff",
        "type": "mqtt-broker",
        "name": "",
        "broker": "mqtt://broker.emq.com",
        "port": "1883",
        "clientid": "",
        "autoConnect": false,
        "usetls": false,
        "protocolVersion": "4",
        "keepalive": "60",
        "cleansession": true,
        "autoUnsubscribe": true,
        "birthTopic": "",
        "birthQos": "0",
        "birthPayload": "",
        "birthMsg": {},
        "closeTopic": "",
        "closePayload": "",
        "closeMsg": {},
        "willTopic": "",
        "willQos": "0",
        "willPayload": "",
        "willMsg": {},
        "userProps": "",
        "sessionExpiry": ""
    },
    {
        "id": "c91353476a923d90",
        "type": "OpcUa-Browser",
        "z": "a1bbb9981ab3e3ac",
        "endpoint": "53f4394dbf12c6b7",
        "item": "",
        "datatype": "",
        "topic": "",
        "items": [],
        "name": "OPC Client Namespace Browse",
        "x": 470,
        "y": 240,
        "wires": [
            [
                "b33cd9eaa874288a"
            ]
        ]
    },
    {
        "id": "e81942acef7aaa4e",
        "type": "inject",
        "z": "a1bbb9981ab3e3ac",
        "name": "Read MyDevice Values @ 1 second",
        "props": [
            {
                "p": "payload"
            },
            {
                "p": "topic",
                "v": "Objects.MyObjects.MyDevice.MyLevel.nodeId",
                "vt": "flow"
            }
        ],
        "repeat": "",
        "crontab": "",
        "once": false,
        "onceDelay": 0.1,
        "topic": "",
        "payload": "",
        "payloadType": "date",
        "x": 160,
        "y": 240,
        "wires": [
            [
                "c91353476a923d90"
            ]
        ]
    },
    {
        "id": "caacf528b8e9d1f7",
        "type": "comment",
        "z": "a1bbb9981ab3e3ac",
        "name": "Read MyDevice",
        "info": "",
        "x": 360,
        "y": 200,
        "wires": []
    },
    {
        "id": "b33cd9eaa874288a",
        "type": "switch",
        "z": "a1bbb9981ab3e3ac",
        "name": "empty check",
        "property": "payload",
        "propertyType": "msg",
        "rules": [
            {
                "t": "nempty"
            }
        ],
        "checkall": "true",
        "repair": false,
        "outputs": 1,
        "x": 690,
        "y": 240,
        "wires": [
            [
                "b03be33529d8654b",
                "3bc2d1781834fb3d"
            ]
        ]
    },
    {
        "id": "7c8620451e32bf85",
        "type": "comment",
        "z": "a1bbb9981ab3e3ac",
        "name": "Discard Empty Datasets",
        "info": "",
        "x": 680,
        "y": 200,
        "wires": []
    },
    {
        "id": "3bc2d1781834fb3d",
        "type": "debug",
        "z": "a1bbb9981ab3e3ac",
        "name": "debug 12",
        "active": false,
        "tosidebar": true,
        "console": false,
        "tostatus": false,
        "complete": "false",
        "statusVal": "",
        "statusType": "auto",
        "x": 680,
        "y": 400,
        "wires": []
    },
    {
        "id": "b03be33529d8654b",
        "type": "change",
        "z": "a1bbb9981ab3e3ac",
        "name": "Get MyLevel Value",
        "rules": [
            {
                "t": "set",
                "p": "payload",
                "pt": "msg",
                "to": "payload[0].item.browseName.namespaceIndex",
                "tot": "msg"
            }
        ],
        "action": "",
        "property": "",
        "from": "",
        "to": "",
        "reg": false,
        "x": 470,
        "y": 340,
        "wires": [
            [
                "3bc2d1781834fb3d",
                "03f89296203ea94c"
            ]
        ]
    },
    {
        "id": "03f89296203ea94c",
        "type": "ui_gauge",
        "z": "a1bbb9981ab3e3ac",
        "name": "",
        "group": "45033699077a4868",
        "order": 4,
        "width": "0",
        "height": "0",
        "gtype": "wave",
        "title": "MyLevel",
        "label": "%",
        "format": "",
        "min": 0,
        "max": "100",
        "colors": [
            "#00b500",
            "#e6e600",
            "#ca3838"
        ],
        "seg1": "",
        "seg2": "",
        "diff": false,
        "className": "",
        "x": 700,
        "y": 340,
        "wires": []
    },
    {
        "id": "f986fbaa29d8cfcb",
        "type": "inject",
        "z": "1049bddc7b1350e0",
        "name": "Read Temperature",
        "props": [
            {
                "p": "payload"
            },
            {
                "p": "topic",
                "vt": "str"
            }
        ],
        "repeat": "",
        "crontab": "",
        "once": false,
        "onceDelay": 0.1,
        "topic": "ns=1;i=1112 ;datatype=Double",
        "payload": "",
        "payloadType": "date",
        "x": 210,
        "y": 180,
        "wires": [
            [
                "b52627311da59426"
            ]
        ]
    },
    {
        "id": "b52627311da59426",
        "type": "OpcUa-Client",
        "z": "1049bddc7b1350e0",
        "endpoint": "53f4394dbf12c6b7",
        "action": "read",
        "deadbandtype": "a",
        "deadbandvalue": 1,
        "time": 10,
        "timeUnit": "s",
        "certificate": "n",
        "localfile": "",
        "localkeyfile": "",
        "securitymode": "None",
        "securitypolicy": "None",
        "folderName4PKI": "",
        "useTransport": false,
        "maxChunkCount": 1,
        "maxMessageSize": 8192,
        "receiveBufferSize": 8192,
        "sendBufferSize": 8192,
        "name": "",
        "x": 450,
        "y": 180,
        "wires": [
            [],
            []
        ]
    },
    {
        "id": "27b4995dfaa2aecd",
        "type": "parquet",
        "z": "d87812f438640a4c",
        "name": "",
        "option": "read",
        "columns": [
            {
                "column": "",
                "type": "UTF8"
            }
        ],
        "rcolumns": "",
        "multi": "single",
        "outputPty": "payload",
        "outputPtyType": "msg",
        "x": 700,
        "y": 280,
        "wires": [
            [
                "67f2d20d33748fb2"
            ]
        ]
    },
    {
        "id": "55aa47cf37af67f7",
        "type": "file in",
        "z": "d87812f438640a4c",
        "name": "",
        "filename": "/Users/santhoshakash/Downloads/mt cars.parquet",
        "filenameType": "str",
        "format": "",
        "chunk": false,
        "sendError": false,
        "encoding": "none",
        "allProps": true,
        "x": 430,
        "y": 280,
        "wires": [
            [
                "27b4995dfaa2aecd"
            ]
        ]
    },
    {
        "id": "67f2d20d33748fb2",
        "type": "debug",
        "z": "d87812f438640a4c",
        "name": "debug 7",
        "active": true,
        "tosidebar": true,
        "console": false,
        "tostatus": false,
        "complete": "payload",
        "targetType": "msg",
        "statusVal": "",
        "statusType": "auto",
        "x": 780,
        "y": 400,
        "wires": []
    },
    {
        "id": "9913b602939d6cc3",
        "type": "inject",
        "z": "d87812f438640a4c",
        "name": "",
        "props": [
            {
                "p": "payload"
            },
            {
                "p": "topic",
                "vt": "str"
            }
        ],
        "repeat": "",
        "crontab": "",
        "once": false,
        "onceDelay": 0.1,
        "topic": "",
        "payload": "",
        "payloadType": "str",
        "x": 110,
        "y": 280,
        "wires": [
            [
                "55aa47cf37af67f7"
            ]
        ]
    },
    {
        "id": "457d9ad6.b737b4",
        "type": "inject",
        "z": "68fe9f42efc2671a",
        "name": "single",
        "props": [
            {
                "p": "payload",
                "v": "",
                "vt": "date"
            },
            {
                "p": "topic",
                "v": "",
                "vt": "str"
            }
        ],
        "repeat": "",
        "crontab": "",
        "once": false,
        "onceDelay": 0.1,
        "topic": "",
        "payload": "",
        "payloadType": "date",
        "x": 190,
        "y": 200,
        "wires": [
            [
                "1e05fafd.887b05"
            ]
        ]
    },
    {
        "id": "1e05fafd.887b05",
        "type": "change",
        "z": "68fe9f42efc2671a",
        "name": "Generate single payload",
        "rules": [
            {
                "t": "set",
                "p": "payload",
                "pt": "msg",
                "to": "{ \"a\":$floor(100*$random()),\"b\":$floor(100*$random()),\"c\":$floor(100*$random())}",
                "tot": "jsonata"
            }
        ],
        "action": "",
        "property": "",
        "from": "",
        "to": "",
        "reg": false,
        "x": 370,
        "y": 200,
        "wires": [
            [
                "e9546682.b39898"
            ]
        ]
    },
    {
        "id": "e9546682.b39898",
        "type": "csv",
        "z": "68fe9f42efc2671a",
        "name": "",
        "sep": ",",
        "hdrin": "",
        "hdrout": "all",
        "multi": "one",
        "ret": "\\n",
        "temp": "a,b,c",
        "skip": "0",
        "strings": true,
        "include_empty_strings": false,
        "include_null_values": false,
        "x": 550,
        "y": 200,
        "wires": [
            [
                "f83ad3b0.78d32"
            ]
        ]
    },
    {
        "id": "f83ad3b0.78d32",
        "type": "debug",
        "z": "68fe9f42efc2671a",
        "name": "",
        "active": true,
        "tosidebar": true,
        "console": false,
        "tostatus": false,
        "complete": "false",
        "x": 730,
        "y": 200,
        "wires": []
    },
    {
        "id": "ae242f2c.d1c8a",
        "type": "inject",
        "z": "68fe9f42efc2671a",
        "name": "array",
        "repeat": "",
        "crontab": "",
        "once": false,
        "onceDelay": 0.1,
        "topic": "",
        "payload": "",
        "payloadType": "date",
        "x": 190,
        "y": 300,
        "wires": [
            [
                "7535f521.4a88bc"
            ]
        ]
    },
    {
        "id": "7535f521.4a88bc",
        "type": "change",
        "z": "68fe9f42efc2671a",
        "name": "Generate array payload",
        "rules": [
            {
                "t": "set",
                "p": "payload",
                "pt": "msg",
                "to": "[\t    { \"a\":$floor(100*$random()),\"b\":$floor(100*$random()),\"c\":$floor(100*$random())},\t    { \"a\":$floor(100*$random()),\"b\":$floor(100*$random()),\"c\":$floor(100*$random())},\t    { \"a\":$floor(100*$random()),\"b\":$floor(100*$random()),\"c\":$floor(100*$random())},\t    { \"a\":$floor(100*$random()),\"b\":$floor(100*$random()),\"c\":$floor(100*$random())}\t]",
                "tot": "jsonata"
            }
        ],
        "action": "",
        "property": "",
        "from": "",
        "to": "",
        "reg": false,
        "x": 370,
        "y": 300,
        "wires": [
            [
                "f4e0465f.ef0338"
            ]
        ]
    },
    {
        "id": "f4e0465f.ef0338",
        "type": "csv",
        "z": "68fe9f42efc2671a",
        "name": "",
        "sep": ",",
        "hdrin": "",
        "hdrout": "all",
        "multi": "one",
        "ret": "\\n",
        "temp": "a,b,c",
        "skip": "0",
        "strings": true,
        "include_empty_strings": false,
        "include_null_values": false,
        "x": 550,
        "y": 300,
        "wires": [
            [
                "6eb67fdf.58626",
                "b8a5d847b229c7c0"
            ]
        ]
    },
    {
        "id": "6eb67fdf.58626",
        "type": "debug",
        "z": "68fe9f42efc2671a",
        "name": "",
        "active": true,
        "tosidebar": true,
        "console": false,
        "tostatus": false,
        "complete": "false",
        "statusVal": "",
        "statusType": "auto",
        "x": 730,
        "y": 300,
        "wires": []
    },
    {
        "id": "b8a5d847b229c7c0",
        "type": "file",
        "z": "68fe9f42efc2671a",
        "name": "",
        "filename": "/Users/santhoshakash/Downloads/Test.csv",
        "filenameType": "str",
        "appendNewline": true,
        "createDir": false,
        "overwriteFile": "false",
        "encoding": "none",
        "x": 770,
        "y": 380,
        "wires": [
            []
        ]
    },
    {
        "id": "1b852fc4fb83f341",
        "type": "inject",
        "z": "45bafd31b64cf85b",
        "name": "",
        "props": [
            {
                "p": "payload"
            },
            {
                "p": "topic",
                "vt": "str"
            }
        ],
        "repeat": "",
        "crontab": "",
        "once": false,
        "onceDelay": 0.1,
        "topic": "",
        "payload": "{   \"employeeId\": \"E12345\",   \"firstName\": \"Alice\",   \"lastName\": \"Johnson\",   \"age\": 28,   \"position\": \"Software Engineer\",   \"address\": {     \"street\": \"456 Tech Blvd\",     \"city\": \"Techville\",     \"state\": \"CA\",     \"postalCode\": \"54321\",     \"country\": \"USA\"   },   \"isManager\": false }",
        "payloadType": "json",
        "x": 90,
        "y": 140,
        "wires": [
            [
                "d34b1bba01baacd7"
            ]
        ]
    },
    {
        "id": "d7fe5f84fd13db63",
        "type": "mqtt in",
        "z": "45bafd31b64cf85b",
        "name": "",
        "topic": "NuGreen/#",
        "qos": "2",
        "datatype": "auto-detect",
        "broker": "407a01e4.6b637",
        "nl": false,
        "rap": true,
        "rh": 0,
        "inputs": 0,
        "x": 280,
        "y": 240,
        "wires": [
            [
                "fbaf9789889784ad",
                "f176280ceeca27aa"
            ]
        ]
    },
    {
        "id": "1120df8ee7ee769d",
        "type": "mqtt out",
        "z": "45bafd31b64cf85b",
        "name": "",
        "topic": "NuGreen/Houston/Temperarture",
        "qos": "0",
        "retain": "",
        "respTopic": "",
        "contentType": "",
        "userProps": "",
        "correl": "",
        "expiry": "",
        "broker": "407a01e4.6b637",
        "x": 790,
        "y": 140,
        "wires": []
    },
    {
        "id": "fbaf9789889784ad",
        "type": "debug",
        "z": "45bafd31b64cf85b",
        "name": "Payload",
        "active": true,
        "tosidebar": true,
        "console": false,
        "tostatus": false,
        "complete": "payload",
        "targetType": "msg",
        "statusVal": "",
        "statusType": "auto",
        "x": 500,
        "y": 220,
        "wires": []
    },
    {
        "id": "f176280ceeca27aa",
        "type": "csv",
        "z": "45bafd31b64cf85b",
        "name": "",
        "sep": ",",
        "hdrin": "",
        "hdrout": "once",
        "multi": "one",
        "ret": "\\r",
        "temp": "employeeId, firstName, lastName, age",
        "skip": "0",
        "strings": true,
        "include_empty_strings": "",
        "include_null_values": "",
        "x": 510,
        "y": 300,
        "wires": [
            [
                "25b7bb1d25feecd9"
            ]
        ]
    },
    {
        "id": "25b7bb1d25feecd9",
        "type": "file",
        "z": "45bafd31b64cf85b",
        "name": "",
        "filename": "/Users/santhoshakash/Downloads/WriteMqtt.csv",
        "filenameType": "str",
        "appendNewline": true,
        "createDir": false,
        "overwriteFile": "false",
        "encoding": "none",
        "x": 710,
        "y": 360,
        "wires": [
            []
        ]
    },
    {
        "id": "d34b1bba01baacd7",
        "type": "file in",
        "z": "45bafd31b64cf85b",
        "name": "",
        "filename": "/Users/santhoshakash/Downloads/readFile.csv",
        "filenameType": "str",
        "format": "utf8",
        "chunk": false,
        "sendError": false,
        "encoding": "none",
        "allProps": false,
        "x": 340,
        "y": 140,
        "wires": [
            [
                "4fa166b8ce684f28"
            ]
        ]
    },
    {
        "id": "4fa166b8ce684f28",
        "type": "csv",
        "z": "45bafd31b64cf85b",
        "name": "",
        "sep": ",",
        "hdrin": true,
        "hdrout": "all",
        "multi": "mult",
        "ret": "\\n",
        "temp": "",
        "skip": "0",
        "strings": true,
        "include_empty_strings": false,
        "include_null_values": false,
        "x": 610,
        "y": 80,
        "wires": [
            [
                "1120df8ee7ee769d"
            ]
        ]
    },
    {
        "id": "bd146c986a68fb3e",
        "type": "inject",
        "z": "311133b10e7d42f5",
        "name": "",
        "props": [
            {
                "p": "payload"
            },
            {
                "p": "topic",
                "vt": "str"
            }
        ],
        "repeat": "",
        "crontab": "",
        "once": false,
        "onceDelay": 0.1,
        "topic": "",
        "payload": "inject",
        "payloadType": "msg",
        "x": 210,
        "y": 280,
        "wires": [
            [
                "27d5a7e91cf3016e"
            ]
        ]
    },
    {
        "id": "f65bbb009289cae5",
        "type": "function",
        "z": "311133b10e7d42f5",
        "name": "function 1",
        "func": "// Assuming msg.payload contains the data from the file\n\n// Check if payload is an object\nif (typeof msg.payload === 'object') {\n    // Modify values as needed\n    msg.payload.someProperty = 'new value';\n\n    // Example: Double the value of a property\n    if (msg.payload.hasOwnProperty('numericProperty')) {\n        msg.payload.numericProperty *= 2;\n    }\n\n    // Example: Convert a string property to uppercase\n    if (msg.payload.hasOwnProperty('stringProperty')) {\n        msg.payload.stringProperty = msg.payload.stringProperty.toUpperCase();\n    }\n\n    // You can add more modifications as per your requirements\n\n    // Pass the modified payload to the next node\n    return msg;\n} else {\n    // If payload is not an object, you might want to handle it accordingly\n    node.error('Payload is not an object');\n    return null;\n}\n",
        "outputs": 1,
        "timeout": 0,
        "noerr": 0,
        "initialize": "",
        "finalize": "",
        "libs": [],
        "x": 660,
        "y": 420,
        "wires": [
            [
                "0a4583eec75b948d"
            ]
        ]
    },
    {
        "id": "27d5a7e91cf3016e",
        "type": "file in",
        "z": "311133b10e7d42f5",
        "name": "",
        "filename": "/Users/santhoshakash/Downloads/orc-file.orc",
        "filenameType": "str",
        "format": "",
        "chunk": false,
        "sendError": false,
        "encoding": "none",
        "allProps": false,
        "x": 400,
        "y": 420,
        "wires": [
            [
                "f65bbb009289cae5"
            ]
        ]
    },
    {
        "id": "0a4583eec75b948d",
        "type": "debug",
        "z": "311133b10e7d42f5",
        "name": "debug 14",
        "active": true,
        "tosidebar": true,
        "console": false,
        "tostatus": false,
        "complete": "payload",
        "targetType": "msg",
        "statusVal": "",
        "statusType": "auto",
        "x": 820,
        "y": 420,
        "wires": []
    },
    {
        "id": "1c90b02f0e378f54",
        "type": "inject",
        "z": "66a4a5c41387c9fa",
        "name": "",
        "props": [
            {
                "p": "payload"
            },
            {
                "p": "topic",
                "vt": "str"
            }
        ],
        "repeat": "",
        "crontab": "",
        "once": false,
        "onceDelay": 0.1,
        "topic": "Pipeline-1",
        "payload": "12",
        "payloadType": "num",
        "x": 130,
        "y": 60,
        "wires": [
            [
                "69451a429932baea"
            ]
        ]
    },
    {
        "id": "41b1010e18e1d3d8",
        "type": "mqtt in",
        "z": "66a4a5c41387c9fa",
        "name": "",
        "topic": "Fan/#",
        "qos": "2",
        "datatype": "auto-detect",
        "broker": "407a01e4.6b637",
        "nl": false,
        "rap": true,
        "rh": 0,
        "inputs": 0,
        "x": 390,
        "y": 360,
        "wires": [
            [
                "cd2f66274a896c25",
                "1ef9aa775141c331",
                "ba9ddc2c7c623af8",
                "739e48f3e7d7f03d",
                "ea8690f7f1a6e023",
                "a03d2eeb179d8ba7"
            ]
        ]
    },
    {
        "id": "69451a429932baea",
        "type": "mqtt out",
        "z": "66a4a5c41387c9fa",
        "name": "",
        "topic": "Fan/Houston/Temperarture",
        "qos": "0",
        "retain": "",
        "respTopic": "",
        "contentType": "",
        "userProps": "",
        "correl": "",
        "expiry": "",
        "broker": "407a01e4.6b637",
        "x": 360,
        "y": 60,
        "wires": []
    },
    {
        "id": "cd2f66274a896c25",
        "type": "debug",
        "z": "66a4a5c41387c9fa",
        "name": "debug 15",
        "active": false,
        "tosidebar": true,
        "console": false,
        "tostatus": true,
        "complete": "true",
        "targetType": "full",
        "statusVal": "",
        "statusType": "counter",
        "x": 660,
        "y": 500,
        "wires": []
    },
    {
        "id": "1ef9aa775141c331",
        "type": "debug",
        "z": "66a4a5c41387c9fa",
        "name": "debug 16",
        "active": true,
        "tosidebar": true,
        "console": false,
        "tostatus": true,
        "complete": "topic",
        "targetType": "jsonata",
        "statusVal": "topic",
        "statusType": "auto",
        "x": 640,
        "y": 120,
        "wires": []
    },
    {
        "id": "0df8309fd8bf65a4",
        "type": "inject",
        "z": "66a4a5c41387c9fa",
        "name": "",
        "props": [
            {
                "p": "payload"
            },
            {
                "p": "topic",
                "vt": "str"
            }
        ],
        "repeat": "",
        "crontab": "",
        "once": false,
        "onceDelay": 0.1,
        "topic": "Pipeline-2",
        "payload": "13",
        "payloadType": "num",
        "x": 130,
        "y": 140,
        "wires": [
            [
                "72ca87982aebef09"
            ]
        ]
    },
    {
        "id": "72ca87982aebef09",
        "type": "mqtt out",
        "z": "66a4a5c41387c9fa",
        "name": "",
        "topic": "Denver/Houston/Pressure",
        "qos": "0",
        "retain": "",
        "respTopic": "",
        "contentType": "",
        "userProps": "",
        "correl": "",
        "expiry": "",
        "broker": "407a01e4.6b637",
        "x": 350,
        "y": 140,
        "wires": []
    },
    {
        "id": "ba9ddc2c7c623af8",
        "type": "ui_text",
        "z": "66a4a5c41387c9fa",
        "group": "c0a13c6945a1bd3b",
        "order": 3,
        "width": 0,
        "height": 0,
        "name": "",
        "label": "Pipeline-1",
        "format": "{{msg.topic}}",
        "layout": "row-spread",
        "className": "",
        "style": true,
        "font": "",
        "fontSize": 16,
        "color": "#f50f0f",
        "x": 640,
        "y": 200,
        "wires": []
    },
    {
        "id": "739e48f3e7d7f03d",
        "type": "ui_chart",
        "z": "66a4a5c41387c9fa",
        "name": "",
        "group": "c0a13c6945a1bd3b",
        "order": 3,
        "width": "0",
        "height": "0",
        "label": "line",
        "chartType": "line",
        "legend": "true",
        "xformat": "HH:mm:ss",
        "interpolate": "linear",
        "nodata": "",
        "dot": false,
        "ymin": "0",
        "ymax": "100",
        "removeOlder": "1",
        "removeOlderPoints": "",
        "removeOlderUnit": "1",
        "cutout": 0,
        "useOneColor": false,
        "useUTC": true,
        "colors": [
            "#1f77b4",
            "#aec7e8",
            "#ff7f0e",
            "#2ca02c",
            "#98df8a",
            "#d62728",
            "#ff9896",
            "#9467bd",
            "#c5b0d5"
        ],
        "outputs": 1,
        "useDifferentColor": false,
        "className": "",
        "x": 640,
        "y": 440,
        "wires": [
            []
        ]
    },
    {
        "id": "ea8690f7f1a6e023",
        "type": "ui_chart",
        "z": "66a4a5c41387c9fa",
        "name": "",
        "group": "c0a13c6945a1bd3b",
        "order": 3,
        "width": "0",
        "height": "0",
        "label": "Bar",
        "chartType": "bar",
        "legend": "true",
        "xformat": "HH:mm:ss",
        "interpolate": "linear",
        "nodata": "",
        "dot": false,
        "ymin": "0",
        "ymax": "100",
        "removeOlder": "1",
        "removeOlderPoints": "",
        "removeOlderUnit": "1",
        "cutout": 0,
        "useOneColor": false,
        "useUTC": true,
        "colors": [
            "#1f77b4",
            "#aec7e8",
            "#ff7f0e",
            "#2ca02c",
            "#98df8a",
            "#d62728",
            "#ff9896",
            "#9467bd",
            "#c5b0d5"
        ],
        "outputs": 1,
        "useDifferentColor": false,
        "className": "",
        "x": 640,
        "y": 380,
        "wires": [
            []
        ]
    },
    {
        "id": "a03d2eeb179d8ba7",
        "type": "ui_gauge",
        "z": "66a4a5c41387c9fa",
        "name": "",
        "group": "c0a13c6945a1bd3b",
        "order": 2,
        "width": 0,
        "height": 0,
        "gtype": "gage",
        "title": "gauge",
        "label": "units",
        "format": "{{value}}",
        "min": 0,
        "max": "100",
        "colors": [
            "#00b500",
            "#e6e600",
            "#ca3838"
        ],
        "seg1": "35",
        "seg2": "75",
        "diff": false,
        "className": "",
        "x": 640,
        "y": 320,
        "wires": []
    },
    {
        "id": "f1f592973d7eeb9b",
        "type": "mqtt in",
        "z": "66a4a5c41387c9fa",
        "name": "",
        "topic": "Denver/#",
        "qos": "2",
        "datatype": "auto-detect",
        "broker": "407a01e4.6b637",
        "nl": false,
        "rap": true,
        "rh": 0,
        "inputs": 0,
        "x": 400,
        "y": 440,
        "wires": [
            [
                "a03d2eeb179d8ba7",
                "ea8690f7f1a6e023",
                "739e48f3e7d7f03d",
                "1ef9aa775141c331",
                "bd658243528d2eb6"
            ]
        ]
    },
    {
        "id": "bd658243528d2eb6",
        "type": "ui_text",
        "z": "66a4a5c41387c9fa",
        "group": "c0a13c6945a1bd3b",
        "order": 4,
        "width": 0,
        "height": 0,
        "name": "",
        "label": "Pipeline-1",
        "format": "{{msg.topic}}",
        "layout": "row-spread",
        "className": "",
        "style": true,
        "font": "",
        "fontSize": 16,
        "color": "#f50000",
        "x": 640,
        "y": 260,
        "wires": []
    },
    {
        "id": "1e8903957d207a3b",
        "type": "inject",
        "z": "e444b923c58c019c",
        "name": "",
        "props": [
            {
                "p": "payload"
            },
            {
                "p": "topic",
                "vt": "str"
            }
        ],
        "repeat": "",
        "crontab": "",
        "once": false,
        "onceDelay": 0.1,
        "topic": "",
        "payload": "",
        "payloadType": "str",
        "x": 170,
        "y": 260,
        "wires": [
            [
                "aee8f9c4ca267a90"
            ]
        ]
    },
    {
        "id": "aee8f9c4ca267a90",
        "type": "function",
        "z": "e444b923c58c019c",
        "name": "PositionalFile-Converter",
        "func": "// Access the fs module from the global context\nconst fs = global.get('fs');\n\n// check if the msg's payload has 1) a positional file to read, 2) a positional file definition\nfunction CheckPayload(msg) {\n    // add more checks later\n    if (('payload' in msg) &&\n        ('PositionalFileDefinition' in msg.payload) &&\n        ('PositionalFilePath' in msg.payload)) {\n        return true;\n    }\n    return false;\n}\n\n// augments the positional file definition with defaults if they are not present\nfunction AddDefaultsToFileDefinition(fileDefinition) {\n    if (!('Header' in fileDefinition)) {\n        fileDefinition[\"Header\"] = false;\n    }\n    if (!('UseHeader' in fileDefinition)) {\n        fileDefinition[\"UseHeader\"] = false;\n    }\n    if (!('Footer' in fileDefinition)) {\n        fileDefinition[\"Footer\"] = false;\n    }\n    if (!('Details' in fileDefinition)) {\n        fileDefinition[\"Details\"] = [];\n    }\n    var colNum = 0;\n    var lastStartPos = 1;\n    fileDefinition.Details.forEach(column => {\n        if (!('FieldName' in column)) {\n            column[\"FieldName\"] = \"Column\" + colNum;\n            colNum++;\n        }\n        if (!('DataType' in column)) {\n            column[\"DataType\"] = \"String\";\n            colNum++;\n        }\n    });\n    // @ts-ignore\n    var lastStartPos = fileDefinition[\"LineLengthByte\"] + 1;\n    fileDefinition.Details.slice().reverse().forEach(column => {\n        if (!('EndPos' in column)) {\n            column[\"EndPos\"] = lastStartPos - 1;\n        }\n        lastStartPos = column[\"StartPos\"]\n    });\n}\n\n// Transforms a line from the positional text file into an key/value dictionary \n// where the keys are the field/col names and the values are from the line\nfunction CreateRow(line, fileDefinition) {\n    var row = {};\n    fileDefinition.Details.forEach(column => {\n        switch (column.DataType.toLowerCase()) {\n            default:\n            case 'string':\n                row[column.FieldName] = line.substring(column.StartPos - 1, column.EndPos);\n                if (\"Trim\" in column && column.Trim == true) {\n                    row[column.FieldName] = row[column.FieldName].trim();\n                }\n                break;\n            case 'boolean':\n            case 'bool':\n                var bool = line.substring(column.StartPos - 1, column.EndPos)?.toLowerCase()?.trim();\n                row[column.FieldName] = (bool === 'true');\n                break;\n            case 'float':\n            case 'double':\n                var float = parseFloat(line.substring(column.StartPos - 1, column.EndPos)?.toLowerCase()?.trim());\n                row[column.FieldName] = Number.isNaN(float) ? 0 : float;\n                break;\n            case 'int':\n            case 'integer':\n                var integer = parseInt(line.substring(column.StartPos - 1, column.EndPos)?.toLowerCase()?.trim());\n                row[column.FieldName] = Number.isNaN(integer) ? 0 : integer;\n                break;\n        }\n    });\n    return row;\n}\n\n// If there is a header in the positional text file and it contains fieldnames\n// then this overwrites the field names in the positional definition\nfunction UpdateHeader(line, fileDefinition) {\n    fileDefinition.Details.forEach(column => {\n        column.FieldName = line.substring(column.StartPos - 1, column.EndPos);\n    });\n}\n\n// uses a node-red msg with a payload that contains:\n// a) a file path to a positional text file\n// b) a positional definition \n// into a msg in which the payload also contains the content of the positional text file\n// as an array of rows (each rows being a dictionary <fieldname, value>)\nasync function ReadPositionalTextFile(msg) {\n\n    if (CheckPayload(msg)) {\n        var filePath = msg.payload.PositionalFilePath;\n        var fileDefinition = msg.payload.PositionalFileDefinition;\n\n        AddDefaultsToFileDefinition(fileDefinition);\n\n        // below: for debugging, delete or comment out \n        // console.log(fileDefinition, \"fffff\", filePath);\n\n        var readSize = fileDefinition.LineLengthByte;\n        try {\n            const buffer = Buffer.alloc(readSize);\n           const fd = await fs.promises.open(filePath, 'r');\n            msg.payload = [];\n            var rowCount = 0;\n            try {\n                while (true) {\n                    let data = await fd.read(buffer, 0, readSize, null);\n                    // @ts-ignore\n                    line = buffer.toString('utf8', 0, data.bytesRead);\n\n                    if (rowCount == 0 && fileDefinition.Header) {\n                        if (fileDefinition.UseHeader) {\n                            // @ts-ignore\n                            UpdateHeader(line, fileDefinition);\n                            rowCount++;\n                            continue;\n                        }\n                        else {\n                            rowCount++;\n                            continue;\n                        }\n                    }\n\n                    // @ts-ignore\n                    msg.payload.push(CreateRow(line, fileDefinition));\n                    // see if all data has been read\n                    if (data.bytesRead !== readSize) {\n                        break;\n                    }\n                    rowCount++;\n                }\n            } finally {\n                await fd.close();\n            }\n\n            // below: for debugging, delete or comment out \n            console.log(msg, \"output\");\n            // @ts-ignore\n            node.warn(msg);\n\n\n            return msg;\n\n            // below: uncomment this when used inside node-red\n            // node.send(msg);\n        }\n        catch (error) {\n            console.error(error);\n        }\n    }\n    else {\n        console.error(\"malconfigured input\");\n    }\n\n};\n\n////////////////////////////////////////////////////////////////////////////////////////////////////////////////////////////////////\n// dry-run test without node-red\n\n// const fssync = require('fs');\nvar msg = { \"payload\": {} };\n\n// test data 1\n// msg.payload.PositionalFileDefinition = JSON.parse(fs.readFileSync('/Users/santhoshakash/Downloads/positionaltext-node-red/simplepositionalfiledef.json', 'utf8'));\n// msg.payload.PositionalFilePath = '/Users/santhoshakash/Downloads/positionaltext-node-red/samplepositionaltextfile.txt';\n\n\n// // test data 2\nmsg.payload.PositionalFileDefinition = JSON.parse(fs.readFileSync('/Users/santhoshakash/Downloads/positionaltext-node-red/8Kfile.json', 'utf8'));\nmsg.payload.PositionalFilePath = '/Users/santhoshakash/Downloads/positionaltext-node-red/test_pos_8k.dat';\n\n// run the test\nReadPositionalTextFile(msg).then(cntr => {\n     // @ts-ignore\n    console.log(`done - ${cntr} bytes read`);\n return msg;\n\n}).catch(err => {\n    console.log(err);\n});\n",
        "outputs": 1,
        "timeout": 0,
        "noerr": 0,
        "initialize": "",
        "finalize": "",
        "libs": [],
        "x": 410,
        "y": 260,
        "wires": [
            [
                "f1dd345a165aeb8a"
            ]
        ]
    },
    {
        "id": "f1dd345a165aeb8a",
        "type": "debug",
        "z": "e444b923c58c019c",
        "name": "Payload",
        "active": true,
        "tosidebar": true,
        "console": false,
        "tostatus": false,
        "complete": "payload",
        "targetType": "msg",
        "statusVal": "",
        "statusType": "auto",
        "x": 640,
        "y": 260,
        "wires": []
    },
    {
        "id": "a16deb03b3d96cad",
        "type": "inject",
        "z": "84dcf03be6e83bb8",
        "name": "",
        "props": [
            {
                "p": "payload"
            },
            {
                "p": "topic",
                "vt": "str"
            }
        ],
        "repeat": "",
        "crontab": "",
        "once": false,
        "onceDelay": 0.1,
        "topic": "",
        "payload": "Lorem ipsum dolor sit amet, consectetur adipiscing elit. Sed do eiusmod tempor incididunt ut labore et dolore magna aliqua.",
        "payloadType": "str",
        "x": 170,
        "y": 220,
        "wires": [
            [
                "28a01599d75b5479"
            ]
        ]
    },
    {
        "id": "474ff00a8bd0a621",
        "type": "debug",
        "z": "84dcf03be6e83bb8",
        "name": "debug 17",
        "active": true,
        "tosidebar": true,
        "console": false,
        "tostatus": false,
        "complete": "payload",
        "targetType": "msg",
        "statusVal": "",
        "statusType": "auto",
        "x": 600,
        "y": 220,
        "wires": []
    },
    {
        "id": "28a01599d75b5479",
        "type": "function",
        "z": "84dcf03be6e83bb8",
        "name": "Text Formatting",
        "func": "msg.payload = msg.payload.toUpperCase();\nreturn msg;",
        "outputs": 1,
        "timeout": 0,
        "noerr": 0,
        "initialize": "",
        "finalize": "",
        "libs": [],
        "x": 400,
        "y": 220,
        "wires": [
            [
                "474ff00a8bd0a621"
            ]
        ]
    },
    {
        "id": "e88e0e31075510bb",
        "type": "inject",
        "z": "84dcf03be6e83bb8",
        "name": "",
        "props": [
            {
                "p": "payload"
            },
            {
                "p": "topic",
                "vt": "str"
            }
        ],
        "repeat": "",
        "crontab": "",
        "once": false,
        "onceDelay": 0.1,
        "topic": "",
        "payload": "",
        "payloadType": "date",
        "x": 160,
        "y": 340,
        "wires": [
            [
                "8cb964ecf03d1c64"
            ]
        ]
    },
    {
        "id": "f6cc6a8dfbbf96b4",
        "type": "debug",
        "z": "84dcf03be6e83bb8",
        "name": "debug 18",
        "active": true,
        "tosidebar": true,
        "console": false,
        "tostatus": false,
        "complete": "payload",
        "targetType": "msg",
        "statusVal": "",
        "statusType": "auto",
        "x": 720,
        "y": 340,
        "wires": []
    },
    {
        "id": "8cb964ecf03d1c64",
        "type": "function",
        "z": "84dcf03be6e83bb8",
        "name": "Date and Time Conversion",
        "func": "const timestamp = msg.payload;\nconst options = { year: 'numeric', month: 'numeric', day: 'numeric', hour: 'numeric', minute: 'numeric', second: 'numeric', timeZoneName: 'short' };\nmsg.formattedDate = new Date(timestamp).toLocaleString('en-US');\nreturn msg;\n",
        "outputs": 1,
        "timeout": 0,
        "noerr": 0,
        "initialize": "",
        "finalize": "",
        "libs": [],
        "x": 440,
        "y": 340,
        "wires": [
            [
                "f6cc6a8dfbbf96b4"
            ]
        ]
    },
    {
        "id": "9b754a2a30e98db8",
        "type": "inject",
        "z": "84dcf03be6e83bb8",
        "name": "",
        "props": [
            {
                "p": "payload"
            },
            {
                "p": "topic",
                "vt": "str"
            }
        ],
        "repeat": "",
        "crontab": "",
        "once": false,
        "onceDelay": 0.1,
        "topic": "",
        "payload": "[1, 2, 3, 4, 5]",
        "payloadType": "json",
        "x": 170,
        "y": 440,
        "wires": [
            [
                "19074f3c05c2967f"
            ]
        ]
    },
    {
        "id": "b29a53b4be70f7f5",
        "type": "debug",
        "z": "84dcf03be6e83bb8",
        "name": "debug 19",
        "active": true,
        "tosidebar": true,
        "console": false,
        "tostatus": false,
        "complete": "false",
        "statusVal": "",
        "statusType": "auto",
        "x": 760,
        "y": 440,
        "wires": []
    },
    {
        "id": "a584bcd9359332c1",
        "type": "inject",
        "z": "84dcf03be6e83bb8",
        "name": "",
        "props": [
            {
                "p": "payload"
            },
            {
                "p": "topic",
                "vt": "str"
            }
        ],
        "repeat": "",
        "crontab": "",
        "once": false,
        "onceDelay": 0.1,
        "topic": "",
        "payload": "",
        "payloadType": "str",
        "x": 150,
        "y": 520,
        "wires": [
            [
                "14778489663bed3d"
            ]
        ]
    },
    {
        "id": "636f833f2ddc2335",
        "type": "debug",
        "z": "84dcf03be6e83bb8",
        "name": "debug 20",
        "active": true,
        "tosidebar": true,
        "console": false,
        "tostatus": false,
        "complete": "false",
        "statusVal": "",
        "statusType": "auto",
        "x": 600,
        "y": 520,
        "wires": []
    },
    {
        "id": "14778489663bed3d",
        "type": "function",
        "z": "84dcf03be6e83bb8",
        "name": "NAN value handling",
        "func": "if (msg.payload === null || isNaN(msg.payload) || msg.payload === \"\") {\n    msg.payload = \"Default Value\"; // Replace with your desired treatment for null, NaN, or blank data\n}\nreturn msg;\n",
        "outputs": 1,
        "timeout": 0,
        "noerr": 0,
        "initialize": "",
        "finalize": "",
        "libs": [],
        "x": 410,
        "y": 520,
        "wires": [
            [
                "636f833f2ddc2335"
            ]
        ]
    },
    {
        "id": "19074f3c05c2967f",
        "type": "function",
        "z": "84dcf03be6e83bb8",
        "name": "Mathematical and Statistical Operations",
        "func": "// Check if the input is an array\nif (Array.isArray(msg.payload)) {\n    // Perform the addition\n    msg.payload = {\n        result: msg.payload.reduce((sum, num) => sum + num, 0)\n    };\n} else {\n    // Handle the case where input is not an array\n    msg.payload = {\n        error: \"Input is not an array of numbers\"\n    };\n}\n\nreturn msg;\n",
        "outputs": 1,
        "timeout": 0,
        "noerr": 0,
        "initialize": "",
        "finalize": "",
        "libs": [],
        "x": 480,
        "y": 440,
        "wires": [
            [
                "b29a53b4be70f7f5"
            ]
        ]
    },
    {
        "id": "1cb0429971e4b13d",
        "type": "catch",
        "z": "4265087201c2987f",
        "name": "",
        "scope": [
            "7b587a283858cabb"
        ],
        "uncaught": false,
        "x": 550,
        "y": 120,
        "wires": [
            [
                "5eb6910fb3b6c53b"
            ]
        ]
    },
    {
        "id": "7b587a283858cabb",
        "type": "function",
        "z": "4265087201c2987f",
        "name": "function 4",
        "func": "// Function Node for Try Block\n\n// Place the nodes you want to include in the \"try\" block before this function node\n// Connect the output of the previous nodes to this function node\n\ntry {\n    // Your nodes and logic here\n    // For example, you can access the incoming message payload\n    var inputData = msg.payload;\n\n    // Perform some operations that might throw an exception\n    var result = processData(inputData);\n\n    // Set the result in the message payload\n    msg.payload = result;\n    // return msg\n\n} catch (error) {\n    // Handle the error here\n    // You can log the error, send an email, or take any other appropriate action\n    node.error(\"An error occurred: \" + error.message, msg);\n\n    // Optionally, you can modify the message payload or other properties\n    msg.payload = \"Error occurred: \" + error.message;\n    msg.error = true; \n    // return msg;// You can add a property to the message to indicate an error\n\n    // Make sure to return the modified message object even in the catch block\n    return msg;\n}\n\n// Return the modified message object\n// return msg;\n\n// Function to simulate some processing that might throw an exception\nfunction processData(data) {\n    // Example: Check if data is a number, otherwise, throw an exception\n    if (typeof data !== 'number') {\n        throw new Error('Input data must be a number');\n    }\n\n    // Process the data (this could be any operation)\n    // return data * 2;\n}\n",
        "outputs": 1,
        "timeout": 0,
        "noerr": 0,
        "initialize": "",
        "finalize": "",
        "libs": [],
        "x": 300,
        "y": 120,
        "wires": [
            [
                "93f94b3ae113c578"
            ]
        ]
    },
    {
        "id": "93f94b3ae113c578",
        "type": "debug",
        "z": "4265087201c2987f",
        "name": "debug 21",
        "active": true,
        "tosidebar": true,
        "console": false,
        "tostatus": false,
        "complete": "false",
        "statusVal": "",
        "statusType": "auto",
        "x": 600,
        "y": 240,
        "wires": []
    },
    {
        "id": "5eb6910fb3b6c53b",
        "type": "debug",
        "z": "4265087201c2987f",
        "name": "debug 22",
        "active": true,
        "tosidebar": true,
        "console": false,
        "tostatus": false,
        "complete": "false",
        "statusVal": "",
        "statusType": "auto",
        "x": 760,
        "y": 120,
        "wires": []
    },
    {
        "id": "d167ba7d9914a594",
        "type": "inject",
        "z": "4265087201c2987f",
        "name": "",
        "props": [
            {
                "p": "payload"
            },
            {
                "p": "topic",
                "vt": "str"
            }
        ],
        "repeat": "",
        "crontab": "",
        "once": false,
        "onceDelay": 0.1,
        "topic": "",
        "payload": "sample",
        "payloadType": "str",
        "x": 130,
        "y": 120,
        "wires": [
            [
                "7b587a283858cabb"
            ]
        ]
    },
    {
        "id": "81d110da4da6b359",
        "type": "inject",
        "z": "4265087201c2987f",
        "name": "",
        "props": [
            {
                "p": "payload"
            },
            {
                "p": "topic",
                "vt": "str"
            }
        ],
        "repeat": "",
        "crontab": "",
        "once": false,
        "onceDelay": 0.1,
        "topic": "",
        "payload": "{\"value\":10}",
        "payloadType": "json",
        "x": 130,
        "y": 360,
        "wires": [
            [
                "75dfa0208e9c2e85"
            ]
        ]
    },
    {
        "id": "7fde686a887289ca",
        "type": "mqtt in",
        "z": "4265087201c2987f",
        "name": "",
        "topic": "/Atlanta/#",
        "qos": "2",
        "datatype": "auto-detect",
        "broker": "15f06bec15d08f0c",
        "nl": false,
        "rap": true,
        "rh": 0,
        "inputs": 0,
        "x": 300,
        "y": 440,
        "wires": [
            [
                "ee10b288af3c5117"
            ]
        ]
    },
    {
        "id": "75dfa0208e9c2e85",
        "type": "mqtt out",
        "z": "4265087201c2987f",
        "name": "",
        "topic": "/Atlanta/denver/temperature",
        "qos": "",
        "retain": "",
        "respTopic": "",
        "contentType": "",
        "userProps": "",
        "correl": "",
        "expiry": "",
        "broker": "15f06bec15d08f0c",
        "x": 420,
        "y": 360,
        "wires": []
    },
    {
        "id": "28d1262b42e63cb8",
        "type": "debug",
        "z": "4265087201c2987f",
        "name": "payload",
        "active": true,
        "tosidebar": true,
        "console": false,
        "tostatus": false,
        "complete": "payload",
        "targetType": "msg",
        "statusVal": "",
        "statusType": "auto",
        "x": 760,
        "y": 440,
        "wires": []
    },
    {
        "id": "ee10b288af3c5117",
        "type": "function",
        "z": "4265087201c2987f",
        "name": "Multiplied by 2",
        "func": "\nlet temp = msg.payload.value\nmsg.payload = {\n    value: temp * 2\n}\nreturn msg;\n",
        "outputs": 1,
        "timeout": 0,
        "noerr": 0,
        "initialize": "",
        "finalize": "",
        "libs": [],
        "x": 540,
        "y": 440,
        "wires": [
            [
                "28d1262b42e63cb8"
            ]
        ]
    },
    {
        "id": "73b994c4e2679b05",
        "type": "debug",
        "z": "4265087201c2987f",
        "name": "ping debug",
        "active": true,
        "tosidebar": true,
        "console": false,
        "tostatus": false,
        "complete": "payload",
        "targetType": "msg",
        "statusVal": "",
        "statusType": "auto",
        "x": 850,
        "y": 580,
        "wires": []
    },
    {
        "id": "371644250ed48b01",
        "type": "switch",
        "z": "4265087201c2987f",
        "name": "",
        "property": "payload",
        "propertyType": "msg",
        "rules": [
            {
                "t": "else"
            }
        ],
        "checkall": "true",
        "repair": false,
        "outputs": 1,
        "x": 610,
        "y": 580,
        "wires": [
            [
                "73b994c4e2679b05"
            ]
        ]
    },
    {
        "id": "c7f4e5f1e2793f25",
        "type": "ping",
        "z": "4265087201c2987f",
        "protocol": "Automatic",
        "mode": "timed",
        "name": "",
        "host": "mqtt://broker.hivemq.com",
        "timer": "20",
        "inputs": 0,
        "x": 410,
        "y": 580,
        "wires": [
            [
                "371644250ed48b01"
            ]
        ]
    },
    {
        "id": "ec7cb15f3ff6dfb6",
        "type": "inject",
        "z": "4cc80e327e9957fd",
        "name": "Simulate Communication Failure",
        "props": [
            {
                "p": "payload"
            }
        ],
        "repeat": "",
        "crontab": "",
        "once": false,
        "onceDelay": 0.1,
        "topic": "",
        "payload": "Connection to Data Source Lost",
        "payloadType": "str",
        "x": 250,
        "y": 200,
        "wires": [
            [
                "1df90b252995509d"
            ]
        ]
    },
    {
        "id": "1df90b252995509d",
        "type": "function",
        "z": "4cc80e327e9957fd",
        "name": "Sign Alert",
        "func": "// Sign the alert for communication failure\nmsg.payload = \"Communication Failure Alert: \" + msg.payload;\nreturn msg;",
        "outputs": 1,
        "timeout": "",
        "noerr": 0,
        "initialize": "",
        "finalize": "",
        "libs": [],
        "x": 510,
        "y": 260,
        "wires": [
            [
                "efc493db745c930c"
            ]
        ]
    },
    {
        "id": "fe439b145fda7fdf",
        "type": "mqtt in",
        "z": "4cc80e327e9957fd",
        "name": "",
        "topic": "/Communication/level",
        "qos": "2",
        "datatype": "auto",
        "broker": "407a01e4.6b637",
        "nl": false,
        "rap": false,
        "inputs": 0,
        "x": 290,
        "y": 340,
        "wires": [
            [
                "1df90b252995509d"
            ]
        ]
    },
    {
        "id": "efc493db745c930c",
        "type": "debug",
        "z": "4cc80e327e9957fd",
        "name": "",
        "active": false,
        "tosidebar": true,
        "console": false,
        "tostatus": false,
        "complete": "payload",
        "targetType": "msg",
        "statusVal": "",
        "statusType": "auto",
        "x": 660,
        "y": 260,
        "wires": []
    },
    {
        "id": "22666a2c0475c198",
        "type": "mqtt out",
        "z": "4cc80e327e9957fd",
        "name": "",
        "topic": "/Communication/level",
        "qos": "",
        "retain": "",
        "respTopic": "",
        "contentType": "",
        "userProps": "",
        "correl": "",
        "expiry": "",
        "broker": "407a01e4.6b637",
        "x": 380,
        "y": 100,
        "wires": []
    },
    {
        "id": "889eda8b65f3e43e",
        "type": "inject",
        "z": "4cc80e327e9957fd",
        "name": "",
        "props": [
            {
                "p": "payload"
            },
            {
                "p": "topic",
                "vt": "str"
            }
        ],
        "repeat": "",
        "crontab": "",
        "once": false,
        "onceDelay": 0.1,
        "topic": "",
        "payload": "1",
        "payloadType": "num",
        "x": 170,
        "y": 100,
        "wires": [
            [
                "22666a2c0475c198"
            ]
        ]
    },
    {
        "id": "b7a4ce8286c0d53f",
        "type": "inject",
        "z": "cc7fe598eb2f5eda",
        "name": "array",
        "props": [
            {
                "p": "payload"
            },
            {
                "p": "topic",
                "vt": "str"
            }
        ],
        "repeat": "",
        "crontab": "",
        "once": false,
        "onceDelay": 0.1,
        "topic": "",
        "payload": "",
        "payloadType": "date",
        "x": 130,
        "y": 220,
        "wires": [
            [
                "213a412cbb8240e3"
            ]
        ]
    },
    {
        "id": "213a412cbb8240e3",
        "type": "change",
        "z": "cc7fe598eb2f5eda",
        "name": "Generate array payload",
        "rules": [
            {
                "t": "set",
                "p": "payload",
                "pt": "msg",
                "to": "[\t    { \"a\":$floor(100*$random()),\"b\":$floor(100*$random()),\"c\":$floor(100*$random())},\t    { \"a\":$floor(100*$random()),\"b\":$floor(100*$random()),\"c\":$floor(100*$random())},\t    { \"a\":$floor(100*$random()),\"b\":$floor(100*$random()),\"c\":$floor(100*$random())},\t    { \"a\":$floor(100*$random()),\"b\":$floor(100*$random()),\"c\":$floor(100*$random())}\t]",
                "tot": "jsonata"
            }
        ],
        "action": "",
        "property": "",
        "from": "",
        "to": "",
        "reg": false,
        "x": 310,
        "y": 220,
        "wires": [
            [
                "f132a5ce1cab0d05"
            ]
        ]
    },
    {
        "id": "f132a5ce1cab0d05",
        "type": "csv",
        "z": "cc7fe598eb2f5eda",
        "name": "",
        "sep": ",",
        "hdrin": "",
        "hdrout": "all",
        "multi": "one",
        "ret": "\\n",
        "temp": "a,b,c",
        "skip": "0",
        "strings": true,
        "include_empty_strings": false,
        "include_null_values": false,
        "x": 490,
        "y": 220,
        "wires": [
            [
                "4415223003553444"
            ]
        ]
    },
    {
        "id": "88dac3e50bb5021b",
        "type": "debug",
        "z": "cc7fe598eb2f5eda",
        "name": "",
        "active": true,
        "tosidebar": true,
        "console": false,
        "tostatus": false,
        "complete": "false",
        "statusVal": "",
        "statusType": "auto",
        "x": 790,
        "y": 440,
        "wires": []
    },
    {
        "id": "2fc8472b6527e9eb",
        "type": "file",
        "z": "cc7fe598eb2f5eda",
        "name": "",
        "filename": "/home/ubuntu/ResultFile.csv",
        "filenameType": "str",
        "appendNewline": true,
        "createDir": false,
        "overwriteFile": "false",
        "encoding": "none",
        "x": 600,
        "y": 360,
        "wires": [
            [
                "88dac3e50bb5021b"
            ]
        ]
    },
    {
        "id": "4415223003553444",
        "type": "mqtt out",
        "z": "cc7fe598eb2f5eda",
        "name": "",
        "topic": "Texas/Houston/Temperarture",
        "qos": "0",
        "retain": "",
        "respTopic": "",
        "contentType": "",
        "userProps": "",
        "correl": "",
        "expiry": "",
        "broker": "407a01e4.6b637",
        "x": 700,
        "y": 220,
        "wires": []
    },
    {
        "id": "91aa10bdabf5d8b3",
        "type": "mqtt in",
        "z": "cc7fe598eb2f5eda",
        "name": "",
        "topic": "Texas/#",
        "qos": "2",
        "datatype": "auto-detect",
        "broker": "407a01e4.6b637",
        "nl": false,
        "rap": true,
        "rh": 0,
        "inputs": 0,
        "x": 370,
        "y": 360,
        "wires": [
            [
                "2fc8472b6527e9eb"
            ]
        ]
    },
    {
        "id": "18fbe0412c346788",
        "type": "function",
        "z": "88165a53ea752b35",
        "name": "Sign Alert",
        "func": "// Sign the alert for communication failure\nmsg.payload = \"Communication Failure Alert: \" + msg.payload;\nreturn msg;",
        "outputs": 1,
        "timeout": "",
        "noerr": 0,
        "initialize": "",
        "finalize": "",
        "libs": [],
        "x": 610,
        "y": 320,
        "wires": [
            [
                "98d054376cc9ef34"
            ]
        ]
    },
    {
        "id": "d4fa5f00c3a4a5b8",
        "type": "mqtt in",
        "z": "88165a53ea752b35",
        "name": "",
        "topic": "/Communication/level",
        "qos": "2",
        "datatype": "auto",
        "broker": "407a01e4.6b637",
        "nl": false,
        "rap": false,
        "inputs": 0,
        "x": 390,
        "y": 400,
        "wires": [
            [
                "98d054376cc9ef34",
                "4b0446a499220d69"
            ]
        ]
    },
    {
        "id": "98d054376cc9ef34",
        "type": "debug",
        "z": "88165a53ea752b35",
        "name": "",
        "active": false,
        "tosidebar": true,
        "console": false,
        "tostatus": false,
        "complete": "payload",
        "targetType": "msg",
        "statusVal": "",
        "statusType": "auto",
        "x": 760,
        "y": 320,
        "wires": []
    },
    {
        "id": "4b0446a499220d69",
        "type": "mqtt out",
        "z": "88165a53ea752b35",
        "name": "",
        "topic": "/Communication/level",
        "qos": "",
        "retain": "",
        "respTopic": "",
        "contentType": "",
        "userProps": "",
        "correl": "",
        "expiry": "",
        "broker": "407a01e4.6b637",
        "x": 380,
        "y": 160,
        "wires": []
    },
    {
        "id": "ffaf107fda3e6384",
        "type": "inject",
        "z": "88165a53ea752b35",
        "name": "",
        "props": [
            {
                "p": "payload"
            },
            {
                "p": "topic",
                "vt": "str"
            }
        ],
        "repeat": "",
        "crontab": "",
        "once": false,
        "onceDelay": 0.1,
        "topic": "",
        "payload": "1",
        "payloadType": "num",
        "x": 170,
        "y": 160,
        "wires": [
            [
                "4b0446a499220d69"
            ]
        ]
    },
    {
        "id": "6e6164f2.6d31f",
        "type": "inject",
        "z": "a5950beaef417905",
        "name": "",
        "props": [
            {
                "p": "payload"
            },
            {
                "p": "topic",
                "vt": "str"
            }
        ],
        "repeat": "10",
        "crontab": "",
        "once": false,
        "onceDelay": 0.1,
        "topic": "",
        "payload": "1",
        "payloadType": "num",
        "x": 230,
        "y": 180,
        "wires": [
            [
                "25a6c8db.9b8b9c"
            ]
        ]
    },
    {
        "id": "25a6c8db.9b8b9c",
        "type": "mqtt out",
        "z": "a5950beaef417905",
        "name": "",
        "topic": "/Communication/level",
        "qos": "2",
        "retain": "",
        "respTopic": "",
        "contentType": "",
        "userProps": "",
        "correl": "",
        "expiry": "",
        "broker": "eb21c224.4e9ff",
        "x": 430,
        "y": 180,
        "wires": []
    },
    {
        "id": "f6e8be20.3a1bb8",
        "type": "mqtt in",
        "z": "a5950beaef417905",
        "name": "",
        "topic": "/Communication/level",
        "qos": "2",
        "datatype": "auto",
        "broker": "eb21c224.4e9ff",
        "nl": false,
        "rap": false,
        "inputs": 0,
        "x": 250,
        "y": 300,
        "wires": [
            [
                "56ea8f3d.8548e"
            ]
        ]
    },
    {
        "id": "56ea8f3d.8548e",
        "type": "function",
        "z": "a5950beaef417905",
        "name": "Check Connection",
        "func": "if (msg.payload === \"Connection to Data Source Lost\") {\n    msg.payload = \"Failure: Connection Lost\";\n    return msg;\n} else {\n    return null;\n}",
        "outputs": 1,
        "timeout": "",
        "noerr": 0,
        "initialize": "",
        "finalize": "",
        "libs": [],
        "x": 430,
        "y": 460,
        "wires": [
            [
                "68b74e2d.ee0f24"
            ]
        ]
    },
    {
        "id": "68b74e2d.ee0f24",
        "type": "debug",
        "z": "a5950beaef417905",
        "name": "",
        "active": true,
        "tosidebar": true,
        "console": false,
        "tostatus": true,
        "complete": "payload",
        "targetType": "msg",
        "statusVal": "payload",
        "statusType": "auto",
        "x": 650,
        "y": 300,
        "wires": []
    },
    {
        "id": "1c6a413f.5ff3f3",
        "type": "mqtt in",
        "z": "a5950beaef417905",
        "name": "",
        "topic": "/Connection/Status",
        "qos": "2",
        "datatype": "auto",
        "broker": "eb21c224.4e9ff",
        "nl": false,
        "rap": false,
        "inputs": 0,
        "x": 440,
        "y": 240,
        "wires": [
            [
                "56ea8f3d.8548e"
            ]
        ]
    },
    {
        "id": "ffea12518b26c4b1",
        "type": "inject",
        "z": "17b9a327bf7fb1b6",
        "name": "",
        "props": [
            {
                "p": "payload"
            },
            {
                "p": "topic",
                "vt": "str"
            }
        ],
        "repeat": "1",
        "crontab": "",
        "once": false,
        "onceDelay": 0.1,
        "topic": "",
        "payload": "1",
        "payloadType": "num",
        "x": 210,
        "y": 200,
        "wires": [
            [
                "02864eea223e97b1"
            ]
        ]
    },
    {
        "id": "02864eea223e97b1",
        "type": "mqtt out",
        "z": "17b9a327bf7fb1b6",
        "name": "",
        "topic": "/Communication/level",
        "qos": "2",
        "retain": "",
        "respTopic": "",
        "contentType": "",
        "userProps": "",
        "correl": "",
        "expiry": "",
        "broker": "eb21c224.4e9ff",
        "x": 410,
        "y": 200,
        "wires": []
    },
    {
        "id": "f3e44716e44aa642",
        "type": "mqtt in",
        "z": "17b9a327bf7fb1b6",
        "name": "",
        "topic": "/Communication/level",
        "qos": "2",
        "datatype": "auto",
        "broker": "eb21c224.4e9ff",
        "nl": false,
        "rap": false,
        "inputs": 0,
        "x": 230,
        "y": 320,
        "wires": [
            [
                "a280a3a6c27dbf4c"
            ]
        ]
    },
    {
        "id": "a280a3a6c27dbf4c",
        "type": "function",
        "z": "17b9a327bf7fb1b6",
        "name": "Check Connection",
        "func": "if (msg.payload === \"Connection to Data Source Lost\") {\n    msg.connectionStatus = \"Failure: Connection Lost\";\n} else {\n    msg.connectionStatus = \"Connection OK\";\n}\nreturn msg;",
        "outputs": 1,
        "noerr": 0,
        "initialize": "",
        "finalize": "",
        "libs": [],
        "x": 430,
        "y": 320,
        "wires": [
            [
                "98bc1206b15332de"
            ]
        ]
    },
    {
        "id": "98bc1206b15332de",
        "type": "debug",
        "z": "17b9a327bf7fb1b6",
        "name": "",
        "active": true,
        "tosidebar": true,
        "console": false,
        "tostatus": false,
        "complete": "payload",
        "targetType": "msg",
        "statusVal": "",
        "statusType": "auto",
        "x": 630,
        "y": 320,
        "wires": []
    },
    {
        "id": "de3da1d1173558f5",
        "type": "mqtt in",
        "z": "17b9a327bf7fb1b6",
        "name": "",
        "topic": "/Connection/Status",
        "qos": "2",
        "datatype": "auto",
        "broker": "eb21c224.4e9ff",
        "nl": false,
        "rap": false,
        "inputs": 0,
        "x": 420,
        "y": 260,
        "wires": [
            [
                "a280a3a6c27dbf4c"
            ]
        ]
    },
    {
        "id": "fe77a9e629f97b13",
        "type": "inject",
        "z": "f7509c1f404fccfc",
        "name": "",
        "props": [
            {
                "p": "payload"
            },
            {
                "p": "topic",
                "vt": "str"
            }
        ],
        "repeat": "1",
        "crontab": "",
        "once": false,
        "onceDelay": 0.1,
        "topic": "",
        "payload": "1",
        "payloadType": "num",
        "x": 250,
        "y": 220,
        "wires": [
            [
                "a3615e41f9ccaf8e"
            ]
        ]
    },
    {
        "id": "a3615e41f9ccaf8e",
        "type": "mqtt out",
        "z": "f7509c1f404fccfc",
        "name": "",
        "topic": "/Communication/level",
        "qos": "2",
        "retain": "true",
        "respTopic": "",
        "contentType": "",
        "userProps": "",
        "correl": "",
        "expiry": "",
        "broker": "407a01e4.6b637",
        "x": 450,
        "y": 220,
        "wires": []
    },
    {
        "id": "94c71018ee14cad4",
        "type": "mqtt in",
        "z": "f7509c1f404fccfc",
        "name": "",
        "topic": "/Communication/level",
        "qos": "2",
        "datatype": "auto-detect",
        "broker": "eb21c224.4e9ff",
        "nl": false,
        "rap": false,
        "inputs": 0,
        "x": 260,
        "y": 380,
        "wires": [
            [
                "b53409150d458789"
            ]
        ]
    },
    {
        "id": "b53409150d458789",
        "type": "function",
        "z": "f7509c1f404fccfc",
        "name": "Check Connection",
        "func": "if (msg.payload === \"Connection to Data Source Lost\") {\n    msg.connectionStatus = \"Failure: Connection Lost\";\n} else {\n    msg.connectionStatus = \"Connection OK\";\n}\nconsole.log(msg,\"mmmmmm\")\nreturn msg;",
        "outputs": 1,
        "timeout": "",
        "noerr": 0,
        "initialize": "",
        "finalize": "",
        "libs": [],
        "x": 490,
        "y": 360,
        "wires": [
            [
                "aa1a41ff5ea77be9"
            ]
        ]
    },
    {
        "id": "aa1a41ff5ea77be9",
        "type": "debug",
        "z": "f7509c1f404fccfc",
        "name": "node-1",
        "active": true,
        "tosidebar": true,
        "console": false,
        "tostatus": false,
        "complete": "payload",
        "targetType": "msg",
        "statusVal": "",
        "statusType": "auto",
        "x": 660,
        "y": 360,
        "wires": []
    },
    {
        "id": "f570edaf0d884d01",
        "type": "mqtt in",
        "z": "f7509c1f404fccfc",
        "name": "",
        "topic": "/Connection/Status",
        "qos": "2",
        "datatype": "auto",
        "broker": "eb21c224.4e9ff",
        "nl": false,
        "rap": false,
        "inputs": 0,
        "x": 460,
        "y": 280,
        "wires": [
            [
                "b53409150d458789"
            ]
        ]
    },
    {
        "id": "669517e5be4e0074",
        "type": "inject",
        "z": "bf124bb3ac12eb80",
        "name": "",
        "props": [
            {
                "p": "payload"
            },
            {
                "p": "topic",
                "vt": "str"
            }
        ],
        "repeat": "",
        "crontab": "",
        "once": false,
        "onceDelay": 0.1,
        "topic": "",
        "payload": "1",
        "payloadType": "num",
        "x": 270,
        "y": 220,
        "wires": [
            [
                "0338b1b100b5e94d"
            ]
        ]
    },
    {
        "id": "0338b1b100b5e94d",
        "type": "mqtt out",
        "z": "bf124bb3ac12eb80",
        "name": "",
        "topic": "/Communication/level",
        "qos": "2",
        "retain": "",
        "respTopic": "",
        "contentType": "",
        "userProps": "",
        "correl": "",
        "expiry": "",
        "broker": "407a01e4.6b637",
        "x": 470,
        "y": 220,
        "wires": []
    },
    {
        "id": "fcde5ecf2a5645c8",
        "type": "mqtt in",
        "z": "bf124bb3ac12eb80",
        "name": "",
        "topic": "/Communication/level",
        "qos": "2",
        "datatype": "auto",
        "broker": "407a01e4.6b637",
        "nl": false,
        "rap": false,
        "inputs": 0,
        "x": 280,
        "y": 380,
        "wires": [
            [
                "ac86f04a8c6652a8"
            ]
        ]
    },
    {
        "id": "ac86f04a8c6652a8",
        "type": "function",
        "z": "bf124bb3ac12eb80",
        "name": "Check Connection",
        "func": "if (msg.payload === \"Connection to Data Source Lost\") {\n    msg.connectionStatus = \"Failure: Connection Lost\";\n} else {\n    msg.connectionStatus = \"Connection OK\";\n}\nreturn msg;",
        "outputs": 1,
        "timeout": "",
        "noerr": 0,
        "initialize": "",
        "finalize": "",
        "libs": [],
        "x": 510,
        "y": 360,
        "wires": [
            [
                "265571e7e3bfd0a9"
            ]
        ]
    },
    {
        "id": "265571e7e3bfd0a9",
        "type": "debug",
        "z": "bf124bb3ac12eb80",
        "name": "node-1",
        "active": false,
        "tosidebar": true,
        "console": false,
        "tostatus": false,
        "complete": "payload",
        "targetType": "msg",
        "statusVal": "",
        "statusType": "auto",
        "x": 680,
        "y": 360,
        "wires": []
    },
    {
        "id": "bc5607579fc7ab35",
        "type": "mqtt in",
        "z": "bf124bb3ac12eb80",
        "name": "",
        "topic": "/Connection/Status",
        "qos": "2",
        "datatype": "auto",
        "broker": "407a01e4.6b637",
        "nl": false,
        "rap": false,
        "inputs": 0,
        "x": 480,
        "y": 280,
        "wires": [
            [
                "ac86f04a8c6652a8"
            ]
        ]
    },
    {
        "id": "d5b8d3f1.d9cfd8",
        "type": "inject",
        "z": "8d8dfe2f58badb0f",
        "name": "",
        "props": [
            {
                "p": "payload"
            },
            {
                "p": "topic",
                "vt": "str"
            }
        ],
        "repeat": "",
        "crontab": "",
        "once": false,
        "onceDelay": 0.1,
        "topic": "",
        "payload": "",
        "payloadType": "date",
        "x": 160,
        "y": 300,
        "wires": [
            [
                "2e28e3d1.e19c9a"
            ]
        ]
    },
    {
        "id": "2e28e3d1.e19c9a",
        "type": "function",
        "z": "8d8dfe2f58badb0f",
        "name": "Prepare Message",
        "func": "msg.payload = {\n    to: \"+918940368970\",  // Replace with your recipient's phone number\n    message: \"Notification: Connection lost!\"\n};\nreturn msg;",
        "outputs": 1,
        "timeout": "",
        "noerr": 0,
        "initialize": "",
        "finalize": "",
        "libs": [],
        "x": 350,
        "y": 300,
        "wires": [
            [
                "4024d97e220fa473"
            ]
        ]
    },
    {
        "id": "2e6e891d.571d2a",
        "type": "debug",
        "z": "8d8dfe2f58badb0f",
        "name": "",
        "active": true,
        "tosidebar": true,
        "console": false,
        "tostatus": false,
        "complete": "payload",
        "targetType": "msg",
        "statusVal": "",
        "statusType": "auto",
        "x": 750,
        "y": 300,
        "wires": []
    },
    {
        "id": "4024d97e220fa473",
        "type": "twilio out",
        "z": "8d8dfe2f58badb0f",
        "twilio": "",
        "twilioType": "sms",
        "url": "",
        "number": "",
        "name": "",
        "x": 550,
        "y": 360,
        "wires": []
    }
]